{"global_morans_I": -0.0517521297, "global_p_value": 0.414, "expected_I": -0.0277777778, "z_score": -0.2586128385, "n_states": 37.0, "n_significant": 3.0}